{"avg_optical_flow": 0.5538627505302429, "max_optical_flow": 1.301092505455017, "is_excessive_movement": false}